{
    "abias": [
        0.0920166015625,
        -0.061907958984375,
        -0.014611816406249978
    ],
    "gbias": [
        0.24280548095703125,
        -1.9256591796875,
        1.2990951538085938
    ],
    "mbias": [
        14.026027358058608,
        4.085250686813187,
        -2.7144221230158725
    ]
}